province;red;green;blue;x;x
1;42;3;128;Vestisland;x
2;84;6;1;Austisland;x
3;126;9;129;Tyrconnell;x
4;168;12;2;Tyrone;x
5;0;15;130;Ulster;x
6;168;45;177;Blekinge;x
7;84;21;131;Oriel;x
8;126;24;4;Breifne;x
9;168;27;132;Connacht;x
10;0;30;5;Kildare;x
11;42;33;133;Dublin;x
12;84;36;6;Ossory;x
13;126;39;134;Thomond;x
14;168;42;7;Desmond;x
15;0;45;135;Ormond;x
16;42;48;8;Leinster;x
17;84;51;136;Hereford;x
18;126;54;9;Dyfed;x
19;168;57;137;Glamorgan;x
20;0;60;10;Gwent;x
21;42;63;138;Gloucester;x
22;84;66;11;Oxford;x
23;126;69;139;Wiltshire;x
24;168;72;12;Surrey;x
25;0;75;140;Sussex;x
26;42;78;13;Winchester;x
27;126;84;14;Dorset;x
28;84;81;141;Somerset;x
29;168;87;142;Devon;x
30;0;90;15;Worcester;x
31;42;93;143;Cornwall;x
32;84;96;16;Middlesex;x
33;126;99;144;Faereyar;x
34;168;102;17;Shetland;x
35;0;105;145;Innse Gall;x
36;42;108;18;Orkney;x
37;84;111;146;Caithness;x
38;126;114;19;Teviotdale;x
39;168;117;147;Ross;x
40;0;120;20;Moray;x
41;42;123;148;Buchan;x
42;84;126;21;Strathearn;x
43;126;129;149;Gowrie;x
44;168;132;22;Atholl;x
45;0;135;150;Argyll;x
46;42;138;23;Fife;x
47;84;141;151;Clydesdale;x
48;126;144;24;Lothian;x
49;168;147;152;Carrick;x
50;0;150;25;Galloway;x
51;42;153;153;Dunbar;x
52;84;156;26;Northumberland;x
53;126;159;154;Cumberland;x
54;168;162;27;Isle of Man;x
55;0;165;155;Westmorland;x
56;42;168;28;Durham;x
57;84;171;156;York;x
58;126;174;29;Lancaster;x
59;168;177;157;Chester;x
60;0;180;30;Perfeddwlad;x
61;42;183;158;Lincoln;x
62;84;186;31;Leicester;x
63;126;189;159;Derby;x
64;168;192;32;Gwynedd;x
65;0;195;160;Powys;x
66;42;198;33;Shrewsbury;x
67;84;201;161;Warwick;x
68;126;204;34;Northampton;x
69;168;207;162;Bedford;x
70;0;210;35;Norfolk;x
71;42;0;163;Suffolk;x
72;84;3;36;Essex;x
73;126;6;164;Kent;x
74;168;9;37;Guines;x
75;0;12;165;Boulogne;x
76;42;15;38;Yperen;x
77;84;18;166;Artois;x
78;126;21;39;Brugge;x
79;168;24;167;Zeeland;x
80;0;27;40;Holland;x
81;42;30;168;Westfriesland;x
82;84;33;41;Sticht;x
83;126;36;169;Gelre;x
84;168;39;42;Frisia;x
85;0;42;170;Ostfriesland;x
86;42;45;43;Oldenburg;x
87;84;48;171;Osnabruck;x
88;126;51;44;Munster;x
89;168;54;172;Kleve;x
90;0;57;45;Julich;x
91;42;60;173;Loon;x
92;84;63;46;Breda;x
93;126;66;174;Gent;x
94;168;69;47;Hainaut;x
95;0;72;175;Amiens;x
96;42;75;48;Eu;x
97;84;78;176;Arques;x
98;126;81;49;Vexin;x
99;168;84;177;Evreux;x
100;0;87;50;Avranches;x
101;42;90;178;Rennes;x
102;84;93;51;Penthievre;x
103;126;96;179;Leon;x
104;168;99;52;Cornouaille;x
105;0;102;180;Vannes;x
106;42;105;53;Nantes;x
107;84;108;181;Anjou;x
108;126;111;54;Maine;x
109;168;114;182;Vendome;x
110;0;117;55;Blois;x
111;42;120;183;Chartres;x
112;84;123;56;Ile de France;x
113;126;126;184;Vermandois;x
114;168;129;57;Reims;x
115;0;132;185;Luxembourg;x
116;42;135;58;Liege;x
117;84;138;186;Brabant;x
118;126;141;59;Trier;x
119;168;144;187;Koln;x
120;0;147;60;Gottingen;x
121;42;150;188;Nassau;x
122;84;153;61;Leiningen;x
123;126;156;189;Mainz;x
124;168;159;62;Pfalz;x
125;0;162;190;Baden;x
126;42;165;63;Nordgau;x
127;84;168;191;Lorraine;x
128;126;171;64;Metz;x
129;168;174;192;Verdun;x
130;0;177;65;Troyes;x
131;42;180;193;Sens;x
132;84;183;66;Auxerre;x
133;126;186;194;Saintois;x
134;168;189;67;Sundgau;x
135;0;192;195;Besancon;x
136;42;195;68;Dijon;x
137;84;198;196;Nevers;x
138;126;201;69;Orleans;x
139;168;204;197;Bourges;x
140;0;207;70;Tourraine;x
141;42;210;198;Poitiers;x
142;84;0;71;Thouars;x
143;126;3;199;Saintonge;x
144;168;6;72;Lusignan;x
145;0;9;200;La Marche;x
146;42;12;73;Bourbon;x
147;84;15;201;Limousin;x
148;126;18;74;Angouleme;x
149;168;21;202;Bordeaux;x
150;0;24;75;Albret;x
151;42;27;203;Labourd;x
152;84;30;76;Navarra;x
153;126;33;204;Viscaya;x
154;168;36;77;Asturias de Santillana;x
155;0;39;205;Asturias de Oviedo;x
156;42;42;78;Coruna;x
157;84;45;206;Santiago;x
158;126;48;79;Porto;x
159;168;51;207;Coimbra;x
160;0;54;80;Lisboa;x
161;42;57;208;Alcacer do Sal;x
162;84;60;81;Silves;x
163;126;63;209;Faro;x
164;168;66;82;Niebla;x
165;0;69;210;Cadiz;x
166;42;72;83;Algeciras;x
167;84;75;211;Malaga;x
168;126;78;84;Almeria;x
169;168;81;212;Murcia;x
170;0;84;85;Denia;x
171;42;87;213;Valencia;x
172;84;90;86;Castellon;x
173;126;93;214;Tarragona;x
174;168;96;87;Albarracin;x
175;0;99;215;Calatayud;x
176;42;102;88;Molina;x
177;84;105;216;Cuenca;x
178;126;108;89;La Mancha;x
179;168;111;217;Almansa;x
180;0;114;90;Granada;x
181;42;117;218;Cordoba;x
182;84;120;91;Sevilla;x
183;126;123;219;Aracena;x
184;168;126;92;Badajoz;x
185;0;129;220;Mertola;x
186;42;132;93;Evora;x
187;84;135;221;Castelo Branco;x
188;126;138;94;Braganza;x
189;168;141;222;Astorga;x
190;0;144;95;Leon;x
191;42;147;223;Zamora;x
192;84;150;96;Salamanca;x
193;126;153;224;Alcantara;x
194;168;156;97;Plasencia;x
195;0;159;225;Caceres;x
196;42;162;98;Calatrava;x
197;84;165;226;Toledo;x
198;126;168;99;Valladolid;x
199;168;171;227;Burgos;x
200;0;174;0;Soria;x
201;42;177;128;Najera;x
202;84;180;1;Zaragoza;x
203;126;183;129;Lleida;x
204;168;186;2;Barcelona;x
205;0;189;130;Empuries;x
206;42;192;3;Urgell;x
207;84;195;131;Alto Aragon;x
208;126;198;4;Bearn;x
209;168;201;132;Armagnac;x
210;0;204;5;Foix;x
211;42;207;133;Rosello;x
212;84;210;6;Narbonne;x
213;126;0;134;Carcassonne;x
214;168;3;7;Toulouse;x
215;0;6;135;Agen;x
216;42;9;8;Perigord;x
217;84;12;136;Auvergne;x
218;126;15;9;Rouergue;x
219;168;18;137;Gevaudan;x
220;0;21;10;Montpellier;x
221;42;24;138;Provence;x
222;84;27;11;Venaissin;x
223;126;30;139;Viviers;x
224;168;33;12;Forez;x
225;0;36;140;Macon;x
226;42;39;13;Charolais;x
227;84;42;141;Lyon;x
228;126;45;14;Dauphine Viennois;x
229;168;48;142;Forcalquier;x
230;0;51;15;Nice;x
231;42;54;143;Saluzzo;x
232;84;57;16;Monferrato;x
233;126;60;144;Genoa;x
234;168;63;17;Pavia;x
235;0;66;145;Lombardia;x
236;42;69;18;Piemonte;x
237;84;72;146;Savoie;x
238;126;75;19;Valais;x
239;168;78;147;Geneve;x
240;0;81;20;Chalons;x
241;42;84;148;Neuchatel;x
242;84;87;21;Aargau;x
243;126;138;49;Orvieto;x
244;168;93;22;Bern;x
245;0;96;150;Schwyz;x
246;42;99;23;Grisons;x
247;84;102;151;Chur;x
248;126;105;24;St Gallen;x
249;168;108;152;Schwaben;x
250;0;111;25;Breisgau;x
251;42;114;153;Furstenberg;x
252;84;117;26;Ulm;x
253;126;120;154;Wurttemberg;x
254;168;123;27;Franken;x
255;0;126;155;Thuringen;x
256;42;129;28;Weimar;x
257;84;132;156;Braunschweig;x
258;126;135;29;Luneburg;x
259;168;138;157;Celle;x
260;0;141;30;Mecklemburg;x
261;42;144;158;Hamburg;x
262;84;147;31;Lubeck;x
263;126;150;159;Holstein;x
264;168;153;32;Slesvig;x
265;0;156;160;Fyn;x
266;42;159;33;Sjaelland;x
267;84;162;161;Jylland;x
268;126;165;34;Agder;x
269;168;168;162;Rogaland;x
270;0;171;35;Telemark;x
271;42;174;163;Vestfold;x
272;84;177;36;Akershus;x
273;126;180;164;Oppland;x
274;168;183;37;Bergenshus;x
275;0;186;165;Trondelag;x
276;42;189;38;Hedmark;x
277;84;192;166;Naumadal;x
278;126;195;39;Halogaland;x
279;168;198;167;;x
280;0;201;40;Vasterbotten;x
281;42;204;168;Angermanland;x
282;84;207;41;Jamtland;x
283;126;210;169;Medelpad;x
284;168;0;42;Herjedalen;x
285;0;3;170;Halsingland;x
286;42;6;43;Gastrikland;x
287;84;9;171;Jarnbaraland;x
288;126;12;44;Varmland;x
289;168;15;172;Vastmanland;x
290;0;18;45;Uppland;x
291;42;21;173;Aland;x
292;84;24;46;Sodermanland;x
293;126;27;174;Ostergotland;x
294;168;30;47;Narke;x
295;0;33;175;Dal;x
296;42;36;48;Viken;x
297;84;39;176;Vastergotland;x
298;126;42;49;Smaland;x
299;43;81;138;Farah;x
300;0;48;50;Oland;x
301;42;51;178;Gotland;x
302;84;54;51;Halland;x
303;126;57;179;Skane;x
304;168;60;52;Rugen;x
305;0;63;180;Bornholm;x
306;42;66;53;Rostock;x
307;84;69;181;Werle;x
308;126;72;54;Wolgast;x
309;168;75;182;Altmark;x
310;0;78;55;Anhalt;x
311;42;81;183;Plauen;x
312;84;84;56;Meissen;x
313;126;87;184;Bamberg;x
314;168;90;57;Nurnberg;x
315;0;93;185;Kempten;x
316;42;96;58;Tirol;x
317;84;99;186;Trent;x
318;126;102;59;Brescia;x
319;168;105;187;Verona;x
320;0;108;60;Cremona;x
321;42;111;188;Parma;x
322;84;114;61;Modena;x
323;126;117;189;Lucca;x
324;168;120;62;Corsica;x
325;0;123;190;Arborea;x
326;42;126;63;Cagliari;x
327;84;129;191;Pisa;x
328;126;132;64;Firenze;x
329;168;135;192;Urbino;x
330;0;138;65;Siena;x
331;42;141;193;Piombino;x
332;84;144;66;Orbetello;x
333;126;147;194;Roma;x
334;168;150;67;Napoli;x
335;0;153;195;Benevento;x
336;42;156;68;Salerno;x
337;84;159;196;Consenza;x
338;126;162;69;Reggio;x
339;168;165;197;Messina;x
340;0;168;70;Palermo;x
341;42;171;198;Trapani;x
342;84;174;71;Agrigento;x
343;126;177;199;Siracusa;x
344;168;180;72;Taranto;x
345;0;183;200;Lecce;x
346;42;186;73;Bari;x
347;84;189;201;Apulia;x
348;126;192;74;Foggia;x
349;168;195;202;Spoleto;x
350;0;198;75;Ancona;x
351;42;201;203;Ravenna;x
352;84;204;76;Bologna;x
353;126;207;204;Ferrara;x
354;168;210;77;Mantua;x
355;0;0;205;Padua;x
356;42;3;78;Venezia;x
357;84;6;206;Treviso;x
358;126;9;79;Aquileia;x
359;168;12;207;Innsbruck;x
360;0;15;80;Oberbayern;x
361;42;18;208;Niederbayern;x
362;84;21;81;Domazlice;x
363;126;24;209;Litomerice;x
364;168;27;82;Lausitz;x
365;0;30;210;Brandenburg;x
366;42;33;83;Stettin;x
367;84;36;211;Slupsk;x
368;126;39;84;Danzig;x
369;168;42;212;Chelminskie;x
370;0;45;85;Marienburg;x
371;42;48;213;Sambia;x
372;84;51;86;Memel;x
373;126;54;214;Kurs;x
374;168;57;87;Zemigalians;x
375;0;60;215;Lettigalians;x
376;42;63;88;Osel;x
377;84;66;216;Livs;x
378;126;69;89;Reval;x
379;168;72;217;Dorpat;x
380;0;75;90;Narva;x
381;42;78;218;Nyland;x
382;84;81;91;Finland;x
383;126;84;219;Tavasts;x
384;168;87;92;Satakunta;x
385;0;90;220;Osterbotten;x
386;42;93;93;Kemi;x
387;84;96;221;Kola;x
388;126;99;94;Karelen;x
389;168;102;222;Finnmark;x
390;0;105;95;Savolaks;x
391;42;108;223;Nordland;x
392;84;111;96;Kexholm;x
393;126;114;224;Onega;x
394;168;117;97;Trans-portage;x
395;0;120;225;North Dvina;x
396;42;123;98;Bjarmia;x
397;84;126;226;Samoyeds;x
398;126;129;99;Ugra;x
399;168;132;227;Syrj;x
400;0;135;0;Zyriane;x
401;42;138;128;Hlynov;x
402;84;141;1;Veliky Ustug;x
403;126;144;129;Romny;x
404;168;147;2;Zaozerye;x
405;0;150;130;Chud;x
406;42;153;3;Vologda;x
407;84;156;131;Kostroma;x
408;126;159;4;Beloozero;x
409;168;162;132;Bezhetsky Verh;x
410;0;165;5;Toropets;x
411;42;168;133;Vodi;x
412;84;171;6;Torzhok;x
413;126;174;134;Pskov;x
414;168;177;7;Novgorod;x
415;0;180;135;Velikiye Luki;x
416;42;183;8;West Dvina;x
417;84;186;136;Vitebsk;x
418;126;189;9;Orsha;x
419;168;192;137;Polotsk;x
420;0;195;10;Aukshayts;x
421;42;198;138;Zhmud;x
422;84;201;11;Scalovia;x
423;126;204;139;Sudovia;x
424;168;207;12;Jacwiez;x
425;0;210;140;Podlasie;x
426;42;0;13;Yatvyagi;x
427;84;3;141;Galindia;x
428;126;6;14;Kujawy;x
429;168;9;142;Gnieznienskie;x
430;0;12;15;Lubusz;x
431;42;15;143;Poznanskie;x
432;84;18;16;Kaliskie;x
433;42;87;63;Opole;x
434;168;24;17;Lower Silesia;x
435;0;27;145;Upper Silesia;x
436;42;30;18;Boleslav;x
437;84;33;146;Praha;x
438;126;36;19;Hradec;x
439;168;39;147;Plzen;x
440;0;42;20;Olomouc;x
441;42;45;148;Brno;x
442;84;48;21;Trencin;x
443;126;51;149;Nitra;x
444;168;54;22;Esztergom;x
445;0;57;150;Pressburg;x
446;42;60;23;Morava;x
447;84;63;151;Passau;x
448;126;66;24;Salzburg;x
449;168;69;152;Osterreich;x
450;0;72;25;Sopron;x
451;42;75;153;Fejer;x
452;84;78;26;Pecs;x
453;126;81;154;Szekezfehervar;x
454;168;84;27;Vas;x
455;0;87;155;Steiermark;x
456;42;90;28;Karnten;x
457;84;93;156;Krain;x
458;126;96;29;Istria;x
459;168;99;157;Veglia;x
460;0;102;30;Varadzin;x
461;42;105;158;Zagreb;x
462;84;108;31;Krizevci;x
463;126;111;159;Usora;x
464;168;114;32;Senj;x
465;0;117;160;Zadar;x
466;42;120;33;Zachlumia;x
467;84;123;161;Split;x
468;126;126;34;Ragusa;x
469;168;129;162;Zeta;x
470;0;132;35;Dyrrachion;x
471;42;135;163;Ochrid;x
472;84;138;36;Epeiros;x
473;126;141;164;Arta;x
474;168;144;37;Cephalonia;x
475;0;147;165;Hellas;x
476;42;150;38;Achaia;x
477;84;153;166;Methone;x
478;126;156;39;Monemvasia;x
479;168;159;167;Kaneia;x
480;0;162;40;Chandax;x
481;42;165;168;Korinthos;x
482;84;168;41;Atheniai;x
483;126;171;169;Rhodos;x
484;168;174;42;Naxos;x
485;0;177;170;Euboia;x
486;42;180;43;Chios;x
487;84;183;171;Lesbos;x
488;126;186;44;Demetrias;x
489;168;189;172;Thessalia;x
490;0;192;45;Thessalonike;x
491;42;195;173;Chalkidike;x
492;84;198;46;Strymon;x
493;126;201;174;Philippopolis;x
494;168;204;47;Adrianopolis;x
495;0;207;175;Kaliopolis;x
496;42;210;48;Byzantion;x
497;84;0;176;Thrake;x
498;126;3;49;Mesembria;x
499;168;6;177;Tyrnovo;x
500;0;9;50;Serdica;x
501;42;12;178;Naissus;x
502;84;15;51;Rashka;x
503;126;18;179;Hum;x
504;168;21;52;Rama;x
505;0;24;180;Belgrade;x
506;42;27;53;Vidin;x
507;84;30;181;Nikopolis;x
508;126;33;54;Dorostotum;x
509;168;36;182;Karvuna;x
510;0;39;55;Constantia;x
511;42;42;183;Galaz;x
512;84;45;56;Belgorod;x
513;126;48;184;Birlad;x
514;168;51;57;Turnu;x
515;0;54;185;Tirgoviste;x
516;42;57;58;Severin;x
517;84;60;186;Temes;x
518;126;63;59;Bacs;x
519;168;66;187;Feher;x
520;0;69;60;Bihar;x
521;42;72;188;Csanad;x
522;84;75;61;Pest;x
523;126;78;189;Heves;x
524;168;81;62;Gemer;x
525;0;84;190;Orava;x
526;126;21;144;Cieszyn;x
527;84;90;191;Krakowskie;x
528;126;93;64;Sieradzko-Leczyckie;x
529;168;96;192;Plock;x
530;0;99;65;Czersk;x
531;42;102;193;Sandomierskie;x
532;84;105;66;Sacz;x
533;126;108;194;Saris;x
534;168;111;67;Peremyshl;x
535;0;114;195;Vladimir Volynsky;x
536;42;117;68;Galich;x
537;84;120;196;Bereg;x
538;126;123;69;Abauj;x
539;168;126;197;Marmaros;x
540;0;129;70;Szekelyfold;x
541;42;132;198;Peresechen;x
542;84;135;71;Olvia;x
543;126;138;199;Oleshye;x
544;168;141;72;Korsun;x
545;0;144;200;Torki;x
546;42;147;73;Terebovl;x
547;84;150;201;Kiev;x
548;126;153;74;Pinsk;x
549;168;156;202;Beresty;x
550;0;159;75;Minsk;x
551;42;162;203;Mstislavl;x
552;84;165;76;Turov;x
553;126;168;204;Lyubech;x
554;168;171;77;Chernigov;x
555;0;174;205;Pereyaslavl;x
556;42;177;78;Chortitza;x
557;84;180;206;Lukomorie;x
558;126;183;79;Lower Dniepr;x
559;168;186;207;Crimea;x
560;0;189;80;Cherson;x
561;42;192;208;Theodosia;x
562;84;195;81;Korchev;x
563;126;198;209;Lower Don;x
564;168;201;82;Desht-i-Kipchak;x
565;0;204;210;Sharukan;x
566;42;207;83;Sugrov;x
567;84;210;211;Novgorod Seversky;x
568;126;0;84;Smolensk;x
569;168;3;212;Vyazma;x
570;0;6;85;Tver;x
571;42;9;213;Uglich;x
572;84;12;86;Yaroslavl;x
573;126;15;214;Pereyaslavl Zalessky;x
574;168;18;87;Rostov;x
575;0;21;215;Moskva;x
576;42;24;88;Bryansk;x
577;84;27;216;Pronsk;x
578;126;30;89;Kolomna;x
579;168;33;217;Mordva;x
580;0;36;90;Ryazan;x
581;42;39;218;Murom;x
582;84;42;91;Vladimir;x
583;126;45;219;Suzdal;x
584;168;48;92;Nizhny Novgorod;x
585;0;51;220;Gorodez;x
586;42;54;93;Galich Mersky;x
587;84;57;221;Mozhaysk;x
588;126;60;94;Merya;x
589;168;63;222;Grassland Cheremisa;x
590;0;66;95;Chuvash;x
591;42;69;223;Mountain Cheremisa;x
592;84;72;96;Burtasy;x
593;126;75;224;Khopyor;x
594;168;78;97;Sarkel;x
595;0;81;225;Don portage;x
596;42;84;98;Tana;x
597;84;87;226;Azov;x
598;126;90;99;Tmutarakan;x
599;168;93;227;Kuban;x
600;0;96;0;Abkhazia;x
601;42;99;128;Imeretia;x
602;84;102;1;Kasogs;x
603;126;105;129;Alania;x
604;168;108;2;Kuma;x
605;0;111;130;Manych;x
606;42;114;3;Yegorlyk;x
607;84;117;131;Sarpa;x
608;126;120;4;Lower Volga;x
609;168;123;132;Syrt;x
610;0;126;5;Bulgar;x
611;42;129;133;Qazan;x
612;84;132;6;Votyaki;x
613;126;135;134;Bilyar;x
614;168;138;7;Ashli;x
615;0;141;135;Bashkirs;x
616;42;144;8;Pecheneg;x
617;84;147;136;Uzens;x
618;126;150;9;Guryev;x
619;168;153;137;Saray;x
620;0;156;10;Itil;x
621;42;159;138;Buzachi;x
622;84;162;11;Sighnaq;x
623;126;165;139;Kerder;x
624;168;168;12;Mangyshlak;x
625;0;171;140;Ustyurt;x
626;42;174;13;Kath;x
627;84;177;141;;x
628;126;180;14;Bukhara;x
629;168;183;142;Abivard;x
630;0;186;15;Merv;x
631;42;189;143;Dihistan;x
632;84;192;16;Tus;x
633;126;195;144;Gurgan;x
634;168;198;17;Nishapur;x
635;0;201;145;Qohistan;x
636;42;204;18;;x
637;84;207;146;Sistan;x
638;126;210;19;Yazd;x
639;168;0;147;Kerman;x
640;0;3;20;Sirjan;x
641;42;6;148;Hormuz;x
642;84;9;21;Larestan;x
643;126;12;149;Mandistan;x
644;168;15;22;Shiraz;x
645;0;18;150;Arrajan;x
646;42;21;23;Esfahan;x
647;84;24;151;Idhaj;x
648;126;27;24;Ahwaz;x
649;168;30;152;Basra;x
650;0;33;25;Maragheh;x
651;42;36;153;Damman;x
652;84;39;26;Al Hasa;x
653;126;42;154;Bahrein;x
654;168;45;27;Rummah;x
655;0;48;155;Kufa;x
656;42;51;28;Tigris;x
657;84;54;156;Luristan;x
658;126;57;29;Hamadan;x
659;168;60;157;Qom;x
660;0;63;30;Kumis;x
661;42;66;158;Ruyan;x
662;84;69;31;Mazandaran;x
663;126;72;159;Rayy;x
664;168;75;32;Qazwin;x
665;0;78;160;Kharraqan;x
666;42;81;33;Gilan;x
667;84;84;161;Tabriz;x
668;126;87;34;Absheron;x
669;168;90;162;Maskat;x
670;0;93;35;Azerbaijan;x
671;42;96;163;Suenik;x
672;84;99;36;Dwin;x
673;126;102;164;Albania;x
674;168;105;37;Derbent;x
675;0;108;165;Semender;x
676;42;111;38;Kakheti;x
677;84;114;166;Guria;x
678;126;117;39;Trapezous;x
679;168;120;167;Kartli;x
680;0;123;40;Tao;x
681;42;126;168;Ani;x
682;84;129;41;Vaspurakan;x
683;126;132;169;Amida;x
684;168;135;42;Amadiya;x
685;0;138;170;Nineveh;x
686;42;141;43;Oromieh;x
687;84;144;171;Kirkuk;x
688;126;147;44;Kermanshah;x
689;168;150;172;Ilam;x
690;0;153;45;Al Amarah;x
691;42;156;173;Al Nasiryah;x
692;84;159;46;Al Nadjaf;x
693;126;162;174;Baghdad;x
694;168;165;47;Karbala;x
695;0;168;175;Deir;x
696;42;171;48;Euphrates;x
697;84;174;176;Mosul;x
698;126;177;49;Al Jazira;x
699;168;180;177;Edessa;x
700;0;183;50;Bira;x
701;42;186;178;Taron;x
702;84;189;51;Bznunik;x
703;126;192;179;Karin;x
704;168;195;52;Theodosiopolis;x
705;0;198;180;Chaldea;x
706;42;201;53;Koloneia;x
707;84;204;181;Melitene;x
708;126;207;54;Tell Bashir;x
709;168;210;182;Asas;x
710;0;0;55;Al Bichri;x
711;42;3;183;Sinjar;x
712;84;6;56;Suwaida;x
713;126;9;184;Druz;x
714;168;12;57;Az Zarqa;x
715;0;15;185;Shahrazur;x
716;42;18;58;Ar'ar;x
717;84;21;186;Al Jawf;x
718;126;24;59;Medina;x
719;168;27;187;Mecca;x
720;0;30;60;Hijaz;x
721;42;33;188;Tabuk;x
722;84;36;61;Petra;x
723;126;39;189;Madaba;x
724;168;42;62;Amman;x
725;2;36;0;Thyateira;x
726;42;48;63;Haband;x
727;84;51;191;Syria;x
728;126;54;64;Damascus;x
729;168;57;192;Tadmor;x
730;0;60;65;Palmyra;x
731;42;63;193;Homs;x
732;84;66;66;Hama;x
733;126;69;194;Aleppo;x
734;168;72;67;Aintab;x
735;0;75;195;Teluch;x
736;42;78;68;Lykandos;x
737;84;81;196;Kaisereia;x
738;126;84;69;Amisos;x
739;168;87;197;Sinope;x
740;0;90;70;Herakleia;x
741;42;93;198;Nikomedeia;x
742;84;96;71;Prusa;x
743;126;99;199;Kyzikos;x
744;168;102;72;Abydos;x
745;0;105;200;Smyrna;x
746;42;108;73;Ephesos;x
747;84;111;201;Lykia;x
748;126;114;74;Laodikeia;x
749;168;117;202;Dorylaion;x
750;0;120;75;Nikaea;x
751;42;123;203;Paphlagonia;x
752;84;126;76;Galatia;x
753;126;129;204;Ankyra;x
754;168;132;77;Sozopolis;x
755;0;135;205;Attaleia;x
756;42;138;78;Limisol;x
757;84;141;206;Famagusta;x
758;126;144;79;Seleukeia;x
759;168;147;207;Ikonion;x
760;0;150;80;Tyana;x
761;42;153;208;Tarsos;x
762;84;156;81;Adana;x
763;126;159;209;Alexandretta;x
764;168;162;82;Antiocheia;x
765;0;165;210;Archa;x
766;42;168;83;Tortosa;x
767;84;171;211;Tripoli;x
768;126;174;84;Baalbek;x
769;168;177;212;Safed;x
770;0;180;85;Beirut;x
771;42;183;213;Tyrus;x
772;84;186;86;Acre;x
773;126;189;214;Tiberias;x
774;168;192;87;Jerusalem;x
775;0;195;215;Jaffa;x
776;42;198;88;Hebron;x
777;84;201;216;Kerak;x
778;126;204;89;Monreal;x
779;168;207;217;Beersheb;x
780;0;210;90;Ascalon;x
781;42;0;218;Darum;x
782;84;3;91;;x
783;126;6;219;Maan;x
784;168;9;92;Qatar;x
785;0;12;220;Sinai;x
786;42;15;93;Eilat;x
787;84;18;221;El-Arish;x
788;169;33;227;Thebai;x
789;168;24;222;Pelusia;x
790;0;27;95;Sarqihya;x
791;42;30;223;Quena;x
792;84;33;96;Nubia;x
793;126;36;224;Makuria;x
794;168;39;97;Aswan;x
795;0;42;225;Asyut;x
796;42;45;98;Cairo;x
797;84;48;226;Manupura;x
798;126;51;99;Delta;x
799;168;54;227;Gabiyaha;x
800;0;57;0;Gizeh;x
801;42;60;128;Buhairya;x
802;84;63;1;Alexandria;x
803;126;66;129;Quattara;x
804;168;69;2;Al Alamayn;x
805;0;72;130;Tobruk;x
806;85;180;11;;x
807;84;78;131;Senoussi;x
808;126;81;4;Benghazi;x
809;168;84;132;Syrte;x
810;0;87;5;Leptis Magna;x
811;42;90;133;Tripolitana;x
812;84;93;6;Malta;x
813;126;96;134;Djerba;x
814;168;99;7;Gabes;x
815;0;102;135;Kairwan;x
816;42;105;8;Sper;x
817;84;108;136;Tunis;x
818;126;111;9;Medjerda;x
819;168;114;137;Bizerte;x
820;0;117;10;Annaba;x
821;42;120;138;Constantine;x
822;84;123;11;Bejaija;x
823;126;126;139;Biskra;x
824;168;129;12;Tell Atlas;x
825;0;132;140;Beni Yanni;x
826;42;135;13;Menorca;x
827;84;138;141;Mallorca;x
828;126;141;14;Ouled Nail;x
829;168;144;142;;x
830;0;147;15;Lemdiyya;x
831;42;150;143;Al Djazair;x
832;84;153;16;Orania;x
833;126;156;144;Atlas Mnt;x
834;168;159;17;Tlemcen;x
835;0;162;145;Hanyan;x
836;42;165;18;Snassen;x
837;84;168;146;;x
838;126;171;19;El Rif;x
839;168;174;147;Cebta;x
840;0;177;20;Fes;x
841;42;180;148;Tangiers;x
842;84;183;21;Infa;x
843;126;186;149;Marrakech;x
844;168;189;22;Massat;x
845;0;192;150;Anti-Atlas;x
846;42;195;23;Ifni;x
847;84;198;151;Tharasset;x
848;0;3;225;Bremen;x
849;126;201;24;;x
850;168;96;42;Kandalax;x
851;84;9;226;Capua;x
852;85;84;11;Zamindavar;x
853;127;87;139;Jiruft;x
854;169;90;12;Makran;x
855;126;135;84;Mahra;x
856;168;138;212;Kathiri;x
857;0;141;85;Bayda;x
858;42;144;213;Aden;x
859;84;147;86;Taizz;x
860;126;150;214;Sanaa;x
861;168;153;87;Asir;x
862;0;156;215;Halaban;x
863;42;159;88;Hajr;x
864;84;162;216;Hail;x
865;126;165;89;Rafha;x
866;168;168;217;Dhofar;x
867;0;171;90;Duqm;x
868;42;174;218;Muscat;x
869;84;177;91;Hajar;x
870;126;180;219;Dhu Zabi;x
871;168;183;92;Busaso;x
872;0;186;220;Berbera;x
873;42;189;93;Harer;x
874;84;192;221;Tadjoura;x
875;126;195;94;Aksum;x
876;168;198;222;Akordat;x
877;0;201;95;Kassala;x
878;42;204;223;Hayya;x
879;84;207;96;Atbara;x
880;126;210;224;Sennar;x
881;168;0;97;Asosa;x
882;168;123;82;Ankober;x
883;126;120;209;Gondar;x
884;126;3;154;Antalo;x
885;84;117;81;Matamma;x
886;168;15;227;Perm;x
887;1;18;0;Sarisu;x
888;43;21;128;Komi;x
889;85;24;1;Ural;x
890;127;27;129;Khantia;x
891;169;30;2;Tyumen;x
892;1;33;130;Mansia;x
893;43;36;3;Turgay;x
894;43;96;13;Mashkel;x
895;127;42;4;Yaik;x
896;169;45;132;Aqtobe;x
897;1;48;5;Irgiz;x
898;43;51;133;Sibir;x
899;1;93;140;Pandjgur;x
900;127;57;134;Jand;x
901;169;60;7;;x
902;1;63;135;Harazasp;x
903;43;66;8;Samarkand;x
904;85;69;136;Balkh;x
905;127;72;9;Badghis;x
906;169;75;137;Rivsharan;x
907;1;78;10;Biyar;x
908;84;132;211;;x
909;0;126;210;;x
910;42;129;83;;x
911;0;207;25;;x
912;84;0;26;;x
913;126;48;34;;x
914;84;45;161;;x
915;85;39;131;;x
916;126;105;79;Taghaza;x
917;42;99;78;;x
918;168;93;77;Sijilmasa;x
919;126;90;204;;x
920;85;99;141;Ouadane;x
921;127;102;14;Idjil;x
922;169;105;142;;x
923;1;108;15;;x
924;43;111;143;;x
925;85;114;16;;x
926;127;117;144;;x
927;17;40;240;;x
928;169;120;17;;x
929;1;123;145;Aprutium;x
930;169;135;147;Bar;x
931;1;138;20;More;x
932;43;141;148;Tjust;x
933;85;144;21;Roslavl;x
934;127;147;149;Lepiel;x
935;169;150;22;Amalfi;x
936;1;153;150;Hvar;x
937;43;156;23;Marsico;x
938;85;159;151;Polimlje;x
939;127;162;24;Polybotos;x
940;169;165;152;Mosynopolis;x
941;1;168;25;Amasia;x
942;43;171;153;Saarbruken;x
943;85;174;26;Knin;x
944;127;30;99;Tephrike;x
945;169;180;27;Ceredigion;x
946;1;183;155;Ystrad Tywi;x
947;43;186;28;Brycheiniog;x
948;85;189;156;Hessen;x
949;127;192;29;Powys Wenwynwyn;x
950;169;195;157;Southern Jylland;x
951;1;198;30;Schwerin;x
952;43;201;158;Frankfurt;x
953;85;204;31;Lingen;x
954;127;207;159;Zeitz;x
955;169;210;32;Augsburg;x
956;85;27;226;Sangarios;x
957;43;3;33;Reggionellemilia;x
958;85;6;161;Trieste;x
959;127;9;34;Vodica;x
960;169;12;162;Lauffen;x
961;1;15;35;Branicevo;x
962;43;18;163;Braslaw;x
963;85;21;36;Jeriska;x
964;127;24;164;Richmond;x
965;169;27;37;Travunija;x
966;1;30;165;Vorotynsk;x
967;43;33;38;Eivissa;x
968;85;36;166;Saone;x
969;127;39;39;Sis;x
970;169;42;167;Comburg;x
971;1;45;40;Philadelphia;x
972;43;48;168;Pitten;x
973;85;51;41;Berkshire;x
974;127;54;169;Buckinghamshire;x
975;169;57;42;Brega;x
976;1;60;170;Moylurg;x
977;43;63;43;Waldburg;x
978;85;66;171;Merseburg;x
979;127;69;44;Deltuva;x
980;169;72;172;Everstein;x
981;1;75;45;Ansbach;x
982;43;78;173;Prignitz;x
983;85;81;46;Ely;x
984;85;96;176;Jarva;x
985;127;84;174;Selija;x
986;169;87;47;Metsepole;x
987;1;90;175;Laanemaa;x
988;43;93;48;Atzele;x
989;127;99;49;Trakai;x
990;169;102;177;Lida;x
991;1;105;50;Chelm;x
992;43;108;178;Upyte;x
993;85;111;51;Belz;x
994;127;114;179;Druck;x
995;169;117;52;Gomel;x
996;1;120;180;Lublin;x
997;43;123;53;Nalshia;x
998;85;126;181;Voigtland;x
999;127;129;54;Legnica;x
1000;169;132;182;Syrmia;x
1001;1;135;55;Zavrsje;x
1002;43;138;183;Donji Kraji;x
1003;85;141;56;Primorje;x
1004;127;144;184;Pozega;x
1005;169;147;57;Zarand;x
1006;1;150;185;Krasso;x
1007;43;153;58;Konigssondergau;x
1008;85;156;186;Zweibrucken;x
1009;127;159;59;Mark;x
1010;169;162;187;Sunmore;x
1011;1;165;60;Arbanon;x
1012;43;168;188;Prizren;x
1013;85;171;61;Valona;x
1014;127;174;189;Corfu;x
1015;169;177;62;Skopje;x
1016;1;180;190;Traianopolis;x
1017;43;183;63;Arnhem;x
1018;85;186;191;Vianden;x
1019;127;189;64;Brussel;x
1020;169;192;192;Schaumburg;x
1021;127;204;194;Arlon;x
1022;169;207;67;Valenciennes;x
1023;127;117;94;;x
1024;43;0;68;Cambrai;x
1025;85;3;196;Reinholdsburg;x
1026;127;6;69;Aachen;x
1027;169;9;197;Western Sjaelland;x
1028;1;12;70;Pontamousson;x
1029;43;15;198;Teck;x
1030;85;18;71;Eberstein;x
1031;127;21;199;Hohenzollern;x
1032;169;24;72;Oettingen;x
1033;1;27;200;Leuchtenberg;x
1034;43;30;73;Helfenstein;x
1035;85;33;201;Hohenloe;x
1036;1;84;145;Montbeliard;x
1037;43;87;18;Basel;x
1038;85;90;146;Cheese;x
1039;127;93;19;Amous;x
1040;169;96;147;Chablais;x
1041;85;165;136;;x
1042;43;102;148;Bresse;x
1043;85;105;21;Lolland;x
1044;127;108;149;Varais;x
1045;169;111;22;Portois;x
1046;1;114;150;Pombia;x
1047;43;117;23;Arles;x
1048;85;120;151;Graisivaudan;x
1049;127;123;24;Gapencais;x
1050;169;126;152;Nordisland;x
1051;1;129;25;Northern Jylland;x
1052;43;132;153;Western Jylland;x
1053;85;135;26;Dannenberg;x
1054;127;138;154;Henneberg;x
1055;169;141;27;Pultusk;x
1056;1;144;155;Namur;x
1057;43;147;28;Limburg;x
1058;85;150;156;Zutphen;x
1059;127;153;29;Oversticht;x
1060;169;156;157;Laroche;x
1061;1;159;30;Chiny;x
1062;43;162;158;Sponheim;x
1063;85;165;31;Berg;x
1064;127;168;159;Niederlausitz;x
1065;169;171;32;Dithmarschen;x
1066;1;174;160;Wagrien;x
1067;43;177;33;Foerde;x
1068;85;180;161;Toreida;x
1069;127;183;34;Nicosia;x
1070;169;186;162;Vithynion;x
1071;1;189;35;Skara;x
1072;43;192;163;Fjadrundaland;x
1073;85;195;36;Attundaland;x
1074;127;198;164;Magdeburg;x
1075;169;201;37;Wittenberg;x
1076;1;204;165;Blankenburg;x
1077;43;207;38;Brehna;x
1078;85;210;166;Schwartzburg;x
1079;127;0;39;Tecklenburg;x
1080;169;3;167;Lori;x
1081;1;6;40;Odishi;x
1082;43;9;168;Hereti;x
1083;85;12;41;Baghk;x
1084;127;15;169;Utik;x
1085;169;18;42;Artsakh;x
1086;1;21;170;Jiqeti;x
1087;43;24;43;Klarjeti;x
1088;85;27;171;Vanand;x
1089;127;30;44;Simsir;x
1090;169;33;172;Tusheti;x
1091;1;36;45;Svaneti;x
1092;43;39;173;Shirvan;x
1093;85;42;46;Racha;x
1094;127;45;174;Persarmenia;x
1095;169;48;47;Goghtn;x
1096;1;51;175;Sarir;x
1097;43;54;48;Dzopk;x
1098;85;57;176;Lauenburg;x
1099;127;60;49;Gudbrandzdalar;x
1100;169;63;177;Raumrike;x
1101;1;66;50;Cinarca;x
1102;43;69;178;Ceccano;x
1103;85;72;51;Gallura;x
1104;127;75;179;Logudoro;x
1105;169;78;52;Fondi;x
1106;1;81;180;Alife;x
1107;43;84;53;Modigliana;x
1108;85;87;181;Loritello;x
1109;127;90;54;Borgovalle;x
1110;169;93;182;Gravina;x
1111;1;96;55;Andria;x
1112;43;99;183;Molise;x
1113;85;102;56;Manopello;x
1114;127;105;184;Aquino;x
1115;169;108;57;Arezzo;x
1116;1;111;185;Bagnacavallo;x
1117;43;114;58;Camerino;x
1118;85;117;186;Sabina;x
1119;127;120;59;Tusculum;x
1120;169;123;187;Luni;x
1121;1;126;60;Montefeltro;x
1122;43;129;188;Frignano;x
1123;85;132;61;Bertinoro;x
1124;127;135;189;Piacenza;x
1125;169;138;62;Bergamo;x
1126;1;141;190;Modica;x
1127;43;144;63;Macva;x
1128;85;147;191;Segni;x
1129;127;150;64;Ceva;x
1130;169;153;192;Vercelli;x
1131;1;156;65;Vicenza;x
1132;43;159;193;Marsi;x
1133;85;162;66;Rimini;x
1134;127;165;194;Casentino;x
1135;169;168;67;Scialenga;x
1136;1;171;195;Catanzaro;x
1137;43;174;68;Prato;x
1138;85;177;196;Biserno;x
1139;127;180;69;Sabionetta;x
1140;169;183;197;Gavi;x
1141;1;186;70;Ventimiglia;x
1142;43;189;198;Valassina;x
1143;85;192;71;Este;x
1144;127;195;199;Eastern Skane;x
1145;169;198;72;Marsciano;x
1146;1;201;200;Iasi;x
1147;127;36;74;Bacau;x
1148;169;39;202;Targujiu;x
1149;1;42;75;Buzau;x
1150;43;45;203;Bars;x
1151;85;48;76;Komarom;x
1152;127;51;204;Bekes;x
1153;169;54;77;Zemplen;x
1154;1;57;205;Szepes;x
1155;43;60;78;Hont;x
1156;85;63;206;Velay;x
1157;127;66;79;Comminges;x
1158;169;69;207;Manzikert;x
1159;1;72;80;Auxois;x
1160;43;75;208;Sancerre;x
1161;85;78;81;Ventadour;x
1162;127;81;209;Rethel;x
1163;169;84;82;Perche;x
1164;1;87;210;Tonnerre;x
1165;43;90;83;Langres;x
1166;85;93;211;Brie;x
1167;127;96;84;Albi;x
1168;169;99;212;Beziers;x
1169;1;102;85;Beauvais;x
1170;43;105;213;Ponthieu;x
1171;85;108;86;Alencon;x
1172;127;111;214;Bayeux;x
1173;169;114;87;Coustance;x
1174;1;117;215;Dreux;x
1175;43;120;88;Porhoet;x
1176;85;123;216;Valois;x
1177;127;126;89;Southvexin;x
1178;169;129;217;Tounai;x
1179;1;132;90;Lille;x
1180;43;135;218;Saintpol;x
1181;85;138;91;Porcien;x
1182;127;141;219;North Frisia;x
1183;169;144;92;Anglesey;x
1184;1;147;220;Rustringen;x
1185;43;150;93;Vertus;x
1186;85;153;221;Chateaudun;x
1187;127;156;94;Bigorre;x
1188;169;159;222;Quercy;x
1189;1;162;95;Gatinas;x
1190;43;165;223;Lugo;x
1191;85;168;96;Lemos;x
1192;127;171;224;Jaen;x
1193;169;174;97;Toro;x
1194;1;177;225;Ciudad Rodrigo;x
1195;43;180;98;Thomar;x
1196;85;183;226;Palencia;x
1197;127;186;99;Medina del Campo;x
1198;169;189;227;Avila;x
1199;1;192;0;Segovia;x
1200;43;195;128;Setubal;x
1201;85;198;1;Guadalajara;x
1202;127;201;129;Alava;x
1203;169;204;2;Guipuzcoa;x
1204;1;207;130;Tudela;x
1205;43;210;3;Sobrarbe;x
1206;85;0;131;Ribagorza;x
1207;127;3;4;Huesca;x
1208;169;6;132;Teruel;x
1209;1;9;5;Caspe;x
1210;43;12;133;Girona;x
1211;85;15;6;Beja;x
1212;127;18;134;Braga;x
1213;169;21;7;Viseu;x
1214;1;24;135;Trancoso;x
1215;43;27;8;Leiria;x
1216;85;30;136;Alcaraz;x
1217;127;33;9;Logrono;x
1218;169;36;137;Sebastia;x
1219;1;39;10;Laranda;x
1220;43;42;138;Kaisun;x
1221;85;45;11;Anamur;x
1222;1;21;225;Nyssa;x
1223;169;51;12;;x
1224;169;18;97;Neopatras;x
1225;43;57;13;;x
1226;85;60;141;;x
1227;127;63;14;;x
1228;127;15;224;Neokaisareia;x
1229;1;69;15;Uri;x
1230;43;72;143;Dongola;x
1231;85;12;96;Mylasa;x
1232;127;78;144;Bagrewand;x
1233;43;9;223;Rizaion;x
1234;1;6;95;Gangra;x
1235;85;207;201;;x
1236;127;27;79;Hazart;x
1237;169;30;207;Masyaf;x
1238;1;33;80;Harran;x
1239;43;36;208;Mardin;x
1240;85;39;81;Manbij;x
1241;169;3;222;Eukhaita;x
1242;169;45;82;Salamiyah;x
1243;1;48;210;Kafrtab;x
1244;43;51;83;Monferrand;x
1245;85;54;211;Gibelet;x
1246;127;57;84;Aunis;x
1247;169;60;212;Gorz;x
1248;127;168;9;;x
1249;43;66;213;Nimes;x
1250;85;69;86;Milau;x
1251;127;72;214;Carlades;x
1252;169;75;87;Valentinois;x
1253;1;78;215;Marsan;x
1254;43;81;88;Shibam;x
1255;85;84;216;Dauphinedeauvergne;x
1256;127;87;89;Mortain;x
1257;169;90;217;Steinkjer;x
1258;1;93;90;Southisland;x
1259;127;0;94;Chrysopolis;x
1260;85;99;91;Caesarea;x
1261;85;210;221;Archelais;x
1262;169;171;137;;x
1263;1;108;220;Opava;x
1264;43;111;93;Kuenring;x
1265;85;114;221;Zatec;x
1266;43;207;93;Arcadia;x
1267;169;120;222;Szvuine;x
1268;1;123;95;Koporje;x
1269;43;126;223;Russa;x
1270;85;129;96;Porkhov;x
1271;127;132;224;Ustyug_Zhelezny;x
1272;169;135;97;Volokolamsk;x
1273;1;138;225;Kadom;x
1274;43;141;98;Kozelsk;x
1275;85;144;226;Novosil;x
1276;127;147;99;Tarusa;x
1277;169;150;227;Karachev;x
1278;1;153;0;Sogn;x
1279;43;156;128;Zhytomyr;x
1280;85;159;1;Iskorosten;x
1281;127;162;129;Romny Ukraine;x
1282;169;165;2;Charpete;x
1283;1;168;130;Yanbu;x
1284;43;171;3;Dorogobuzh;x
1285;85;174;131;Lutsk;x
1286;169;81;17;;x
1287;169;180;132;Mologa;x
1288;1;183;5;Lubny;x
1289;43;186;133;Romsdal;x
1290;85;189;6;Seprio;x
1291;127;192;134;Bribir;x
1292;169;195;7;Kursk;x
1293;1;198;135;Rilsk;x
1294;43;201;8;Slutsk;x
1295;85;204;136;Korcula;x
1296;127;207;9;Viipuri;x
1297;169;210;137;Pomesania;x
1298;1;0;10;Pogesania;x
1299;43;3;138;Bartia;x
1300;85;6;11;Nadruvia;x
1301;127;9;139;Swiecie;x
1302;169;12;12;Santok;x
1303;1;15;140;Neumark;x
1304;43;18;13;Southern Sjaelland;x
1305;85;21;141;Asmena;x
1306;127;24;14;Zaslawye;x
1307;169;27;142;Bandava;x
1308;1;30;15;Duvzare;x
1309;43;33;143;Vaiga;x
1310;85;36;16;Nothern Skane;x
1311;127;39;144;Finnveden;x
1312;169;42;17;Modrus;x
1313;1;45;145;Belgard;x
1314;43;48;18;Rawa Mazovia;x
1315;85;51;146;Leczyca;x
1316;127;54;19;Finale;x
1317;169;57;147;Celje;x
1318;1;60;20;Bosco;x
1319;43;63;148;;x
1320;85;66;21;;x
1321;127;69;149;;x
1322;169;72;22;;x
1323;1;75;150;;x
1324;43;78;23;;x
1325;1;204;220;Amorion;x
1326;127;84;24;;x
1327;169;201;92;Amastris;x
1328;1;90;25;;x
1329;43;93;153;;x
1330;85;96;26;Omis;x
1331;127;99;154;Bilbays;x
1332;127;198;219;Akhyraous;x
1333;1;105;155;Burzenland;x
1334;43;108;28;Fayyum;x
1335;85;111;156;Itfih;x
1336;1;132;195;Bahnasa;x
1337;43;135;68;Manfalut;x
1338;85;138;196;;x
1339;127;141;69;Ikhmin;x
1340;169;144;197;Qus;x
1341;1;147;70;Kharija;x
1342;43;150;198;Dakhila;x
1343;85;153;71;Bahriya;x
1344;85;195;91;Adramyttion;x
1345;169;159;72;Ajadabiya;x
1346;86;42;1;Veria;x
1347;44;39;128;Tzamandos;x
1348;85;168;201;Rudbar;x
1349;127;171;74;Zawiya;x
1350;169;174;202;Samtskhe;x
1351;1;177;75;Nafzawa;x
1352;43;180;203;Qashtiliya;x
1353;85;183;76;Sfax;x
1354;127;186;204;Tabassa;x
1355;169;189;77;Setif;x
1356;1;192;205;Arigh;x
1357;43;195;78;Tbilisi;x
1358;85;198;206;Sa;x
1359;127;201;79;Artaani;x
1360;169;204;207;Nakur;x
1361;1;207;80;Sala;x
1362;43;210;208;Sous;x
1363;85;0;81;Draa;x
1364;127;3;209;Tindouf;x
1365;127;153;134;;x
1366;1;9;210;Tassarahla;x
1367;43;12;83;;x
1368;85;15;211;Akjoujt;x
1369;127;18;84;;x
1370;169;21;212;;x
1371;1;24;85;;x
1372;43;27;213;;x
1373;85;30;86;;x
1374;127;33;214;;x
1375;169;36;87;;x
1376;1;39;215;;x
1377;43;42;88;;x
1378;85;45;216;;x
1379;127;48;89;;x
1380;43;162;8;;x
1381;1;54;90;;x
1382;43;57;218;;x
1383;85;60;91;;x
1384;127;63;219;;x
1385;169;66;92;;x
1386;1;69;220;;x
1387;43;72;93;;x
1388;85;75;221;;x
1389;127;78;94;;x
1390;169;81;222;;x
1391;1;84;95;;x
1392;127;108;99;;x
1393;85;90;96;;x
1394;127;93;224;;x
1395;169;96;97;;x
1396;1;99;225;;x
1397;43;102;98;;x
1398;1;114;0;;x
1399;43;117;128;;x
1400;127;138;4;;x
1401;169;141;132;;x
1402;1;144;5;;x
1403;43;147;133;;x
1404;127;123;129;;x
1405;169;126;2;;x
1406;1;129;130;;x
1407;43;132;3;Javakheti;x
1408;85;135;131;;x
1409;127;183;139;Stafford;x
1410;169;186;12;Hertford;x
1411;1;189;140;Cambridge;x
1412;43;192;13;Huntingdon;x
1413;85;195;141;Rutland;x
1414;127;198;14;Nottingham;x
1415;169;201;142;York Moors;x
1416;1;204;15;York Wolds;x
1417;43;207;143;Wight;x
1418;85;210;16;Jersey;x
1419;43;69;28;Muile;x
1420;85;72;156;Ile;x
1421;127;75;29;Kintyre;x
1422;169;78;157;Bod;x
1423;85;126;31;Obar Dheathain;x
1424;127;129;159;Cinn Chardainn;x
1425;85;57;26;Inbhir Nis;x
1426;127;60;154;Leodhas;x
1427;169;63;27;Uibhist;x
1428;85;42;151;Thiobraid Arann;x
1429;127;45;24;Luimnigh;x
1430;169;48;152;Corcaigh;x
1431;1;51;25;Sutherland;x
1432;169;33;22;Chill Mhantain;x
1433;43;24;148;Tethbae;x
1434;85;27;21;Uibh Fhaili;x
1435;169;18;147;Hy Many;x
1436;85;12;146;Cavan;x
1437;85;204;86;Lake Neuchâtel;x
1438;127;207;214;Lake Lucerne;x
1439;169;210;87;Lake Zurich;x
1440;1;0;215;Øyern;x
1441;43;3;88;Lake Garda;x
1442;85;6;216;Lake Iseo;x
1443;127;9;89;Lake Como;x
1444;169;12;217;Lake Lugano;x
1445;1;15;90;Lake Maggiore;x
1446;43;105;168;Lake Ioannina;x
1447;85;108;41;Lake Trichonida;x
1448;127;111;169;Lake Volvi;x
1449;169;114;42;Lake Koronia;x
1450;1;117;170;Lake Iznik;x
1451;43;120;43;Lake Kus;x
1452;85;123;171;Lake Ulubat;x
1453;127;126;44;Lake Bafa;x
1454;169;129;172;Lake Acigöl;x
1455;1;132;45;Lake Burdur;x
1456;43;135;173;Lake Egirdir;x
1457;85;138;46;Lake Beysehir;x
1458;1;147;175;Lake Tuz;x
1459;43;150;48;Lake Tana;x
1460;85;153;176;Lake Ghoubet;x
1461;127;156;49;Lake Assal;x
1462;169;159;177;Lake Namak;x
1463;169;138;167;Lough Ree;x
1464;1;141;40;Lough Derg;x
1465;43;144;168;Lough Corrib;x
1466;85;147;41;Lough Mask;x
1467;127;150;169;Lough Conn;x
1468;169;153;42;Nizhivy Vyg;x
1469;1;156;170;Birket Qarun;x
1470;43;153;163;Dun Phris;x
1471;85;156;36;Buellt;x
1472;127;159;164;Rhwng Gwy A Hafren;x
1473;169;162;37;Gwyr;x
1474;1;165;165;;x
1475;127;186;54;Strait of Hormuz;x
1476;85;171;166;;x
1477;127;174;39;;x
1478;169;177;167;;x
1479;169;147;162;Tweedale;x
1480;43;183;168;;x
1481;127;144;34;Uzboy;x
1482;127;189;169;Hisn Kayf;x
1483;169;192;42;;x
1484;85;141;161;Rinn Friu;x
1485;43;198;43;Kordofan;x
1486;85;201;171;;x
1487;127;204;44;;x
1488;43;138;33;Dun Breatainn;x
1489;1;210;45;Wolqayt;x
1490;43;0;173;Soba;x
1491;85;3;46;Alwa;x
1492;127;6;174;Butana;x
1493;169;9;47;;x
1494;1;12;175;Abu Hammad;x
1495;43;15;48;;x
1496;85;18;176;Tihama;x
1497;127;141;174;;x
1498;169;144;47;;x
1499;1;27;50;Semna;x
1500;43;30;178;Qasr Ibrim;x
1501;85;33;51;Aydhab;x
1502;127;36;179;Maikele Bahr;x
1503;169;39;52;Suakin;x
1504;1;42;180;;x
1505;1;135;160;Barth;x
1506;85;48;181;Tigre;x
1507;127;51;54;Marya;x
1508;169;54;182;Adulis;x
1509;1;57;55;Bur;x
1510;43;60;183;Intarta;x
1511;85;63;56;Lasta;x
1512;127;66;184;Semien;x
1513;169;69;57;Begemdir;x
1514;1;72;185;Angot;x
1515;43;75;58;Gojjam;x
1516;85;78;186;Ifat;x
1517;127;81;59;Danakil;x
1518;169;84;187;Assab;x
1519;1;87;60;Mora;x
1520;43;90;188;Zaila;x
1521;85;93;61;Shewa;x
1522;127;96;189;Vrhbosna;x
1523;169;99;62;Okic;x
1524;1;102;190;Vrbas;x
1525;43;105;63;Velbazhd;x
1526;85;108;191;Strumica;x
1527;127;111;64;Kopsis;x
1528;169;114;192;Upper_wallachia;x
1529;1;117;65;Ialomita;x
1530;43;120;193;Arran;x
1531;85;123;66;Varazhnunik;x
1532;127;126;194;;x
1533;169;129;67;Mafaza;x
1534;1;81;30;Darabjird;x
1535;43;84;158;Turan;x
1536;43;18;218;Rukhadj;x
1537;85;21;91;Bakharz;x
1538;127;24;219;Sarakhs;x
1539;169;27;92;Ganj Rustaq;x
1540;1;30;220;Ghor;x
1541;43;33;93;Gharchistan;x
1542;85;36;221;Guzgan;x
1543;127;39;94;Amol;x
1544;169;42;222;Nakhsheb;x
1545;1;45;95;Chaghaniyan;x
1546;43;48;223;Tokharestan;x
1547;85;51;96;Ghazna;x
1548;127;54;224;Arghiyan;x
1549;169;57;97;Karasu;x
1550;1;60;225;Kabul;x
1551;43;63;98;Lamghan;x
1552;169;132;32;Socotra;x
1553;127;69;99;Badakhshan;x
1554;169;72;227;;x
1555;1;75;0;Rasht;x
1556;43;78;128;Khuttal;x
1557;85;81;1;Ustrushana;x
1558;127;84;129;Khojand;x
1559;169;87;2;Ferghana;x
1560;1;90;130;Khaylam;x
1561;43;93;3;Shash;x
1562;85;96;131;Otrar;x
1563;127;99;4;Talas;x
1564;169;102;132;Aval;x
1565;1;105;5;Panjikend;x
1566;43;108;133;Naryn;x
1567;85;111;6;Kashgar;x
1568;127;114;134;Aqsu;x
1569;169;117;7;Kucha;x
1570;1;120;135;Qarashahr;x
1571;43;123;8;Yulduz;x
1572;85;126;136;Balasaghun;x
1573;127;129;9;Yeti-su;x
1574;169;132;137;Emil;x
1575;1;135;10;Zaysan;x
1576;43;138;138;Ayaguz;x
1577;85;141;11;Barskhan;x
1578;127;144;139;Talekan;x
1579;169;147;12;Balkhash;x
1580;1;150;140;Khotan;x
1581;43;153;13;Soli;x
1582;85;156;141;;x
1583;127;159;14;;x
1584;169;162;142;Northeastern Jylland;x
1585;1;165;15;Central Jylland;x
1586;43;168;143;Samsoe;x
1587;85;171;16;Northern Halland;x
1588;127;174;144;;x
1589;169;177;17;;x
1590;1;180;145;;x
1591;43;183;18;Erbil;x
1592;85;186;146;Suhar;x
1593;127;189;19;Naqis;x
1594;169;192;147;Irahistan;x
1595;170;48;2;Lake Balkash;x
1596;2;51;130;Lake Issyk;x
1597;44;54;3;Lake Zaysan;x
1598;86;57;131;Lake Alakol;x
1599;128;60;4;Lake Ebinur;x
1600;1;210;150;;x
1601;43;0;23;;x
1602;85;3;151;;x
1603;127;6;24;;x
1604;169;9;152;;x
1605;1;12;25;;x
1606;43;15;153;;x
1607;85;18;26;Gardman;x
1608;127;21;154;;x
1609;169;24;27;;x
1610;1;27;155;;x
1611;43;30;28;;x
1612;85;33;156;;x
1613;127;36;29;;x
1614;169;39;157;;x
1615;1;42;30;;x
1616;43;45;158;;x
1617;85;48;31;;x
1618;127;51;159;;x
1619;169;54;32;;x
1620;1;57;160;;x
1621;43;60;33;;x
1622;85;63;161;;x
1623;127;66;34;;x
1624;169;69;162;;x
1625;1;72;35;;x
1626;43;75;163;;x
1627;85;78;36;;x
1628;127;81;164;;x
1629;169;84;37;;x
1630;1;87;165;;x
1631;43;90;38;;x
1632;85;93;166;;x
1633;127;96;39;;x
1634;169;99;167;;x
1635;1;102;40;;x
1636;43;195;183;;x
1637;85;198;56;;x
1638;127;201;184;;x
1639;169;204;57;;x
1640;1;207;185;;x
1641;43;210;58;;x
1642;85;0;186;;x
1643;127;3;59;;x
1644;169;6;187;;x
1645;1;9;60;;x
1646;43;12;188;;x
1647;85;15;61;;x
1648;127;18;189;;x
1649;169;21;62;;x
1650;1;24;190;;x
1651;43;27;63;;x
1652;85;30;191;;x
1653;127;33;64;;x
1654;169;36;192;;x
1655;1;39;65;;x
1656;43;42;193;;x
1657;85;45;66;;x
1658;127;48;194;;x
1659;169;51;67;;x
1660;1;54;195;;x
1661;85;60;196;;x
1662;43;57;68;;x
1663;127;63;69;;x
1664;169;66;197;;x
1665;1;69;70;;x
1666;43;72;198;;x
1667;85;75;71;;x
1668;127;78;199;;x
1669;169;81;72;;x
1670;1;84;200;;x
1671;43;87;73;;x
1672;85;90;201;;x
1673;127;93;74;;x
1674;169;96;202;;x
1675;1;99;75;;x
1676;43;102;203;;x
1677;85;105;76;;x
1678;127;108;204;;x
1679;169;111;77;;x
1680;1;114;205;;x
1681;43;117;78;;x
1682;85;120;206;;x
1683;127;123;79;;x
1684;169;126;207;;x
1685;1;129;80;;x
1686;43;132;208;;x
1687;85;135;81;;x
1688;127;138;209;;x
1689;169;141;82;;x
1690;1;144;210;;x
1691;43;147;83;;x
1692;85;150;211;;x
1693;127;153;84;;x
1694;169;156;212;;x
1695;1;159;85;Philan;x
1696;43;162;213;Lekia;x
1697;85;165;86;Malkhicho;x
1698;127;168;214;;x
1699;169;171;87;Theodoro;x
1700;84;12;191;Golfe de Hammamet;x
1701;126;15;64;Malta Channel;x
1702;168;18;192;Gulf of Sidra;x
1703;0;21;65;Golfo di Taranto;x
1704;42;24;193;Ionian Sea;x
1705;84;27;66;Strait of Otranto;x
1706;126;30;194;Adriatic Sea;x
1707;168;33;67;Gulf of Venice;x
1708;0;36;195;Eastern Aegean Sea;x
1709;42;39;68;Eastern Cyclades;x
1710;84;42;196;Sea of Crete;x
1711;126;45;69;Coast of Egypt;x
1712;168;48;197;Nile Delta;x
1713;0;51;70;Levant;x
1714;42;54;198;East of Mediterranean;x
1715;0;54;35;Western Aegean Sea;x
1716;42;18;3;Näsijärvi;x
1717;168;63;72;Aral Sea;x
1718;0;66;200;Iskenderun Kör;x
1719;42;69;73;Gulf of Antalya;x
1720;84;72;201;Sea of Marmara;x
1721;126;75;74;Gulf of Varna;x
1722;168;78;202;Coast of Taurida;x
1723;0;81;75;Black Sea;x
1724;42;84;203;Coast of Kolkhida;x
1725;0;96;205;Caspian Sea;x
1726;84;180;56;Coast of Morocco;x
1727;126;183;184;Strait of Gibraltar;x
1728;126;33;159;Saimaa;x
1729;84;15;156;Kallavesi;x
1730;168;204;152;Oulujärvi;x
1731;42;132;48;Ladoga Lake;x
1732;84;135;176;Mälaren;x
1733;168;171;182;Faroya;x
1734;168;141;177;Hjälmaren;x
1735;0;144;50;Vättern;x
1736;42;147;178;Vänern;x
1737;84;150;51;White Sea;x
1738;126;153;179;Strait of Dover;x
1739;168;156;52;La Manche;x
1740;0;159;180;Channel Islands;x
1741;42;162;53;St. George's Channel;x
1742;84;87;76;Sea of Azov;x
1743;168;21;157;Cabo de Finisterre;x
1744;126;90;149;Bodensee;x
1745;168;108;207;Kara-Bogaz Gol;x
1746;126;78;39;Waddenzee;x
1747;42;27;158;Bay of Biscay;x
1748;126;168;54;Donegal Bay;x
1749;42;210;153;Sea of Canarias;x
1750;168;36;32;Bretagne Coast;x
1751;0;39;160;Mjøsa;x
1752;0;111;80;Tiveriade Lake;x
1753;42;12;28;Portugal Coast;x
1754;0;9;155;Golfo de Cadiz;x
1755;168;51;162;Tyrifjorden;x
1756;42;114;208;Dead Sea;x
1757;42;57;163;Gulf of Riga;x
1758;84;60;36;North Atlantic;x
1759;126;63;164;Southern Coast of Norway;x
1760;168;66;37;North Sea;x
1761;0;69;165;North Sea;x
1762;42;72;38;North Sea;x
1763;84;75;166;Sea of Shetland;x
1764;42;6;98;Galway Bay;x
1765;168;81;167;The Minch;x
1766;0;84;40;Moray Firth;x
1767;42;87;168;Firth of Forth;x
1768;84;90;41;The Wash;x
1769;126;93;169;Dogger-bank;x
1770;126;12;99;Onega;x
1771;0;99;170;North Sea;x
1772;42;102;43;The Sound;x
1773;84;105;171;Gulf of Helholland;x
1774;126;108;44;Kattegat;x
1775;168;111;172;Kolberger Heide;x
1776;0;114;45;Hanö-bukten;x
1777;42;117;173;Gulf of Danzig;x
1778;84;120;46;Ålands Hav;x
1779;126;123;174;Gulf of Finland;x
1780;168;126;47;Gulf of Bothnia;x
1781;0;129;175;Gulf of Bothnia;x
1782;168;6;27;Adriatic Sea;x
1783;126;18;29;Iles d'la Manche;x
1784;42;42;33;Mediterranean Sea;x
1785;84;57;71;Lake Peipus;x
1786;126;60;199;Lake Yalpug;x
1787;0;24;30;Coast of Asturias;x
1788;42;177;183;Northern Bay of Biscay;x
1789;0;174;55;Celtic Sea;x
1790;1;162;50;Inarijärvi;x
1791;126;202;202;Coast of Iceland;x
1792;84;30;31;Western Cyclades;x
1793;1;195;65;Scutari;x
1794;43;198;193;Dirho;x
1795;85;201;66;Prespa;x
1796;85;54;6;Päijänne;x
1797;84;165;181;Irish Sea;x
1798;168;186;57;Mediterranean Sea;x
1799;0;189;185;Golfo de Valencia;x
1800;42;192;58;Islas Baleares;x
1801;84;195;186;Ponant;x
1802;126;198;59;Mediterranean Sea;x
1803;168;201;187;Gulfe du Lion;x
1804;0;204;60;Lake Leman;x
1805;42;207;188;Cote d Azur;x
1806;84;210;61;Ligurian Sea;x
1807;126;0;189;Tyrrhenian Sea;x
1808;168;3;62;Coast of Sardegna;x
1809;0;6;190;Golfo di Napoli;x
1810;42;9;63;Strait di Messina;x
1811;127;210;74;Lake Sevan;x
1812;169;0;202;Lake Van;x
1813;1;3;75;Lake Urmia;x
1814;43;6;203;Lake Ferto;x
1815;85;9;76;Limfjorden;x
1816;127;12;204;Skagerak;x
1817;169;15;77;Jammerbugten;x
1818;1;18;205;Storebælt;x
1819;43;21;78;Vesterhavet;x
1820;85;24;206;Smålandshavet;x
1821;127;114;29;Lake Ilmen;x
1822;169;117;157;Lake Vörts;x
1823;1;120;30;Plyussa;x
1824;43;123;158;Volkhov;x
1825;85;87;31;Central Mediterranean;x
1826;127;90;159;Lake Vastenjaure;x
1827;169;93;32;Götaelven;x
1828;1;96;160;Salsvatnet;x
1829;43;99;33;Lake Beloe;x
1830;85;102;161;Kama;x
1831;127;105;34;Kokshaga;x
1832;169;108;162;;x
1833;1;111;35;Lake Sarygamysh;x
1834;43;114;163;Manych;x
1835;85;117;36;Chot El Jerid;x
1836;127;120;164;Chot El Gharsa;x
1837;169;123;37;Chot El Melghir;x
1838;1;126;165;Lake Chad;x
1839;43;129;38;Loch Lomond;x
1840;85;132;166;Lough Neagh;x
1841;127;135;39;Erne;x
1842;169;189;182;Persian Gulf A;x
1843;1;192;55;Persian Gulf B;x
1844;1;174;215;Arabian Sea;x
1845;43;177;88;Gulf of Khambhat;x
1846;85;180;216;Gulf of Kuchch;x
1847;127;183;89;Coast of Malabar;x
1848;169;186;217;Indus Delta;x
1849;43;159;43;Svir;x
1850;85;162;171;Andoma;x
1851;127;165;44;Soyda;x
1852;169;168;172;Kema;x
1853;1;171;45;Sheksna A;x
1854;43;174;173;Sheksna B;x
1855;85;177;46;Suda;x
1856;127;180;174;Mologa A;x
1857;169;183;47;Mologa B;x
1858;1;186;175;Chagodoshcha;x
1859;43;189;48;Volga A;x
1860;85;192;176;Volga B;x
1861;127;195;49;Volga C;x
1862;169;198;177;Volga D;x
1863;1;201;50;Volga E;x
1864;43;204;178;Volga F;x
1865;85;207;51;Volga G;x
1866;127;210;179;Volga H;x
1867;169;0;52;Volga I;x
1868;1;3;180;Volga J;x
1869;43;6;53;Volga K;x
1870;85;9;181;Volga L;x
1871;127;12;54;Oka A;x
1872;169;15;182;Oka B;x
1873;1;18;55;Oka C;x
1874;43;21;183;Oka D;x
1875;85;24;56;Oka E;x
1876;127;27;184;Moskva A;x
1877;169;30;57;Moskva B;x
1878;1;33;185;Klyazma A;x
1879;43;36;58;Klyazma B;x
1880;85;39;186;Pronya;x
1881;127;42;59;Don A;x
1882;169;45;187;Don B;x
1883;1;48;60;Don C;x
1884;43;51;188;Don D;x
1885;85;54;61;Smolnya A;x
1886;127;57;189;Smolnya B;x
1887;169;60;62;Smolnya C;x
1888;1;63;190;Pripjat;x
1889;43;66;63;Dneiper A;x
1890;85;69;191;Dneiper B;x
1891;127;72;64;Dneiper C;x
1892;169;75;192;Dneiper D;x
1893;1;78;65;West Dvina A;x
1894;43;81;193;West Dvina B;x
1895;85;84;66;West Dvina C;x
1896;127;87;194;Lovat;x
1897;169;90;67;Desna A;x
1898;1;93;195;Desna B;x
1899;43;96;68;Sejm A;x
1900;85;99;196;Sejm B;x
1901;127;102;69;Thames A;x
1902;169;105;197;Thames B;x
1903;1;108;70;Vilaine;x
1904;43;111;198;Somme A;x
1905;85;114;71;Main;x
1906;127;117;199;Seine A;x
1907;169;120;72;Seine B;x
1908;1;123;200;Seine C;x
1909;43;126;73;Yonne;x
1910;85;129;201;Marne A;x
1911;127;132;74;Marne B;x
1912;169;135;202;Oise A;x
1913;1;138;75;Oise B;x
1914;43;141;203;Aisne;x
1915;85;144;76;Loire A;x
1916;127;147;204;Loire B;x
1917;169;150;77;Loire C;x
1918;1;153;205;Vienne;x
1919;43;156;78;Mosel A;x
1920;85;159;206;Charente;x
1921;127;162;79;Mosel B;x
1922;169;165;207;Dordogne;x
1923;1;168;80;Garonne A;x
1924;43;171;208;Garonne B;x
1925;85;174;81;Garonne C;x
1926;127;177;209;Adour A;x
1927;169;180;82;Rhone;x
1928;1;183;210;Guadalquivir;x
1929;43;186;83;Rhein A;x
1930;85;189;211;Rhein B;x
1931;127;192;84;Rhein C;x
1932;169;195;212;Maas A;x
1933;1;198;85;Maas B;x
1934;43;201;213;Maas C;x
1935;128;45;129;Ran of Kutch A;x
1936;1;189;90;Indus A;x
1937;43;192;218;Indus B;x
1938;121;181;181;Redsea A;x
1939;43;165;178;Redsea B;x
1940;85;168;51;Redsea C;x
1941;127;171;179;Gulf of Aden A;x
1942;169;174;52;Coast of Somailia;x
1943;1;177;180;Coast of Yemen;x
1944;43;180;53;Coast of Oman;x
1945;85;183;181;Gulf of Oman;x
1946;1;99;20;Ebro Delta;x
1947;1;63;85;Central Blacksea;x
1948;169;105;92;Lake Bracciano;x
1949;43;204;73;Lake Bolsena;x
1950;43;177;138;Lake Trasimeno;x
1951;127;42;209;Lake Fucino;x
1952;1;174;10;;x
1953;127;177;4;Lake Hamun;x
